City_ID,City,Lat,Lng,Max Temp,Humidity,Cloudiness,Wind Speed,Country,Date
0,edinburgh of the seven seas,-37.0676,-12.3116,12.310000000000002,68,7,1.94,SH,2023-10-16
1,jamestown,42.097,-79.2353,10.770000000000039,92,100,4.63,US,2023-10-16
2,yutan,28.25,112.55,17.360000000000014,55,0,1.12,CN,2023-10-16
3,adamstown,-25.066,-130.1015,21.670000000000016,83,60,4.11,PN,2023-10-16
4,copiapo,-27.3667,-70.3333,16.83000000000004,35,100,2.84,CL,2023-10-16
5,necochea,-38.5473,-58.7368,12.390000000000043,85,17,6.88,AR,2023-10-16
6,avarua,-21.2078,-159.775,23.03000000000003,60,20,2.57,CK,2023-10-16
7,papatowai,-46.5619,169.4708,9.03000000000003,56,67,4.46,NZ,2023-10-16
8,tura,25.5198,90.2201,19.850000000000023,90,0,1.71,IN,2023-10-16
9,kapuskasing,49.4169,-82.4331,8.050000000000011,71,40,4.12,CA,2023-10-16
10,bredasdorp,-34.5322,20.0403,15.640000000000043,87,24,4.58,ZA,2023-10-16
11,tchintabaraden,15.8969,5.7985,32.76000000000005,16,92,4.03,NE,2023-10-16
12,thompson,55.7435,-97.8558,12.090000000000032,66,75,3.09,CA,2023-10-16
13,kwang binh,17.4833,106.6,24.840000000000032,89,89,6.67,VN,2023-10-16
14,beloyarskiy,63.7119,66.6722,5.0,91,80,2.24,RU,2023-10-16
15,georgetown,5.4112,100.3354,26.960000000000036,89,20,1.03,MY,2023-10-16
16,nayoro,44.3506,142.4578,3.7700000000000387,92,97,4.1,JP,2023-10-16
17,tiksi,71.6872,128.8694,-12.549999999999955,92,94,3.51,RU,2023-10-16
18,blackmans bay,-43.0167,147.3167,5.2900000000000205,88,14,0.89,AU,2023-10-16
19,osmancik,40.9782,34.8047,14.170000000000016,80,100,2.81,TR,2023-10-16
20,puerto natales,-51.7236,-72.4875,11.25,50,40,13.38,CL,2023-10-16
21,voss,60.623,6.4229,8.080000000000041,100,100,2.4,NO,2023-10-16
22,taulaga,-11.0553,-171.0883,28.0,75,100,8.87,AS,2023-10-16
23,port-aux-francais,-49.35,70.2167,3.160000000000025,87,84,12.65,TF,2023-10-16
24,isafjordur,66.0755,-23.124,0.21000000000003638,83,100,2.32,IS,2023-10-16
25,san fernando,15.0286,120.6898,24.850000000000023,88,44,1.42,PH,2023-10-16
26,lebu,-37.6167,-73.65,11.770000000000039,73,0,9.88,CL,2023-10-16
27,gulf shores,30.246,-87.7008,20.75,49,20,5.14,US,2023-10-16
28,timbuktu,16.7735,-3.0074,33.39000000000004,13,100,3.1,ML,2023-10-16
29,margate,51.3813,1.3862,12.720000000000027,72,100,1.34,GB,2023-10-16
30,porto novo,6.4965,2.6036,26.0,83,99,3.29,BJ,2023-10-16
31,hermanus,-34.4187,19.2345,16.02000000000004,89,14,4.96,ZA,2023-10-16
32,ushuaia,-54.8,-68.3,9.810000000000002,51,75,4.92,AR,2023-10-16
33,new norfolk,-42.7826,147.0587,5.9500000000000455,77,10,1.59,AU,2023-10-16
34,al ghayzah,16.2079,52.176,25.58000000000004,74,5,2.65,YE,2023-10-16
35,iskateley,67.6803,53.1512,3.900000000000034,93,100,5.81,RU,2023-10-16
36,murgud,16.4,74.2,24.010000000000048,74,92,0.75,IN,2023-10-16
37,utrik,11.2278,169.8474,28.28000000000003,76,32,7.6,MH,2023-10-16
38,labrador city,52.9463,-66.9114,3.9500000000000455,70,75,4.63,CA,2023-10-16
39,vernon,50.2581,-119.2691,16.27000000000004,72,100,0.51,CA,2023-10-16
40,morgan city,29.6994,-91.2068,21.110000000000014,42,40,6.69,US,2023-10-16
41,acapulco de juarez,16.8634,-99.8901,30.900000000000034,74,100,1.54,MX,2023-10-16
42,coyhaique,-45.5752,-72.0662,13.340000000000032,41,0,3.09,CL,2023-10-16
43,longfeng,46.55,125.1167,4.720000000000027,35,42,3.1,CN,2023-10-16
44,longyearbyen,78.2186,15.6401,-4.089999999999975,63,20,7.2,SJ,2023-10-16
45,ilulissat,69.2167,-51.1,-6.989999999999952,86,75,9.26,GL,2023-10-16
46,naze,28.3667,129.4833,19.510000000000048,62,0,3.83,JP,2023-10-16
47,nyurba,63.2842,118.3319,-2.1999999999999886,90,100,4.02,RU,2023-10-16
48,iqaluit,63.7506,-68.5145,-4.149999999999977,68,20,4.63,CA,2023-10-16
49,anadyr,64.75,177.4833,-2.7199999999999704,79,0,3.0,RU,2023-10-16
50,waitangi,-43.9535,-176.5597,14.900000000000034,82,49,5.81,NZ,2023-10-16
51,kolonia town,6.964,158.206,28.74000000000001,76,51,4.35,FM,2023-10-16
52,udachny,66.4167,112.4,-3.079999999999984,92,100,1.39,RU,2023-10-16
53,rio gallegos,-51.6226,-69.2181,13.03000000000003,33,0,8.23,AR,2023-10-16
54,loango,-4.6719,11.8312,26.810000000000002,78,40,2.57,CG,2023-10-16
55,uturoa,-16.7333,-151.4333,25.49000000000001,80,62,6.15,PF,2023-10-16
56,whitehorse,60.7161,-135.0538,1.4300000000000068,100,100,1.54,CA,2023-10-16
57,port lincoln,-34.7333,135.8667,11.900000000000034,75,4,4.96,AU,2023-10-16
58,hovd,48.0056,91.6419,1.32000000000005,50,2,1.15,MN,2023-10-16
59,minas de marcona,-15.2119,-75.1103,19.02000000000004,65,38,5.63,PE,2023-10-16
60,karauli,26.5,77.0167,21.560000000000002,73,100,3.56,IN,2023-10-16
61,college,64.8569,-147.8028,7.720000000000027,73,75,3.09,US,2023-10-16
62,dongobesh,-4.0667,35.3833,17.230000000000018,67,100,4.3,TZ,2023-10-16
63,silkeborg,56.1697,9.5451,6.180000000000007,86,25,3.25,DK,2023-10-16
64,chibougamau,49.9168,-74.3659,8.79000000000002,66,0,4.12,CA,2023-10-16
65,san agustin de valle fertil,-30.6335,-67.4682,24.629999999999995,12,1,4.83,AR,2023-10-16
66,broome,42.2506,-75.833,13.720000000000027,83,100,3.6,US,2023-10-16
67,taro,-8.3862,115.28,22.0,93,91,0.25,ID,2023-10-16
68,hithadhoo,-0.6,73.0833,27.160000000000025,75,11,7.46,MV,2023-10-16
69,punta arenas,-53.15,-70.9167,11.060000000000002,54,75,12.86,CL,2023-10-16
70,margaret river,-33.95,115.0667,16.170000000000016,53,67,3.02,AU,2023-10-16
71,nurabad,34.0734,47.9725,10.090000000000032,60,0,1.64,IR,2023-10-16
72,ciudad lazaro cardenas,17.9583,-102.2,29.560000000000002,72,62,2.63,MX,2023-10-16
73,talanga,14.4,-87.0833,30.30000000000001,79,97,2.54,HN,2023-10-16
74,bikenibeu village,1.3673,173.1241,25.980000000000018,94,75,5.66,KI,2023-10-16
75,altai,46.3722,96.2583,-3.1999999999999886,59,70,0.92,MN,2023-10-16
76,amursk,50.2261,136.8994,2.7700000000000387,88,100,6.74,RU,2023-10-16
77,dunedin,-45.8742,170.5036,8.220000000000027,83,100,1.34,NZ,2023-10-16
78,maun,-19.9833,23.4167,27.980000000000018,14,0,2.06,BW,2023-10-16
79,west island,-12.1568,96.8225,25.99000000000001,83,75,5.66,CC,2023-10-16
80,bamboo flat,11.7,92.7167,26.05000000000001,94,40,1.03,IN,2023-10-16
81,isola di capo rizzuto,38.96,17.0933,19.55000000000001,65,39,1.28,IT,2023-10-16
82,kodiak,57.79,-152.4072,7.730000000000018,93,100,2.57,US,2023-10-16
83,lazaro cardenas,17.9583,-102.2,29.560000000000002,72,62,2.63,MX,2023-10-16
84,grytviken,-54.2811,-36.5092,-0.7799999999999727,83,12,4.77,GS,2023-10-16
85,ulsteinvik,62.3432,5.8487,10.420000000000016,91,100,7.15,NO,2023-10-16
86,gaiman,-43.2897,-65.4929,16.620000000000005,29,39,6.07,AR,2023-10-16
87,riosucio,5.4216,-75.7032,21.670000000000016,90,68,0.36,CO,2023-10-16
88,port elizabeth,-33.918,25.5701,17.160000000000025,90,75,4.63,ZA,2023-10-16
89,hawaiian paradise park,19.5933,-154.9731,27.80000000000001,79,20,3.6,US,2023-10-16
90,petropavlovsk-kamchatsky,53.0452,158.6483,7.330000000000041,88,75,6.0,RU,2023-10-16
91,prince rupert,54.3161,-130.3201,12.050000000000011,96,100,7.2,CA,2023-10-16
92,coahuayana de hidalgo,18.7,-103.6583,30.670000000000016,75,55,2.72,MX,2023-10-16
93,atafu village,-8.5421,-172.5159,28.25,78,62,8.2,TK,2023-10-16
94,ribeira grande,38.5167,-28.7,20.430000000000007,77,20,3.58,PT,2023-10-16
95,cabo san lucas,22.8909,-109.9124,34.610000000000014,62,0,6.17,MX,2023-10-16
96,coquimbo,-29.9533,-71.3436,17.850000000000023,63,0,6.69,CL,2023-10-16
97,menominee,45.1078,-87.6143,14.04000000000002,51,0,3.09,US,2023-10-16
98,puerto ayacucho,5.6639,-67.6236,30.460000000000036,66,32,0.53,VE,2023-10-16
99,hamilton,39.1834,-84.5333,12.810000000000002,75,100,4.12,US,2023-10-16
100,rio grande,-32.035,-52.0986,22.060000000000002,95,100,3.02,BR,2023-10-16
101,shenkursk,62.1091,42.896,4.410000000000025,80,100,4.47,RU,2023-10-16
102,newman,37.3138,-121.0208,29.02000000000004,43,98,1.34,US,2023-10-16
103,sitka,57.0531,-135.33,13.939999999999998,62,100,6.17,US,2023-10-16
104,brisas de zicatela,15.8369,-97.0419,31.29000000000002,48,40,3.09,MX,2023-10-16
105,fort-shevchenko,44.5086,50.263,15.79000000000002,42,46,8.51,KZ,2023-10-16
106,albany,42.6001,-73.9662,15.360000000000014,66,66,3.7,US,2023-10-16
107,yellowknife,62.456,-114.3525,6.900000000000034,99,100,4.12,CA,2023-10-16
108,bilibino,68.0546,166.4372,-10.579999999999984,100,99,1.16,RU,2023-10-16
109,zaraza,9.3503,-65.3245,32.670000000000016,52,67,1.64,VE,2023-10-16
110,anjozorobe,-18.4,47.8667,18.52000000000004,89,100,1.57,MG,2023-10-16
111,mar del plata,-38.0023,-57.5575,15.010000000000048,80,40,7.72,AR,2023-10-16
112,puerto ayora,-0.7393,-90.3518,25.310000000000002,91,92,4.47,EC,2023-10-16
113,harstad,68.799,16.5293,3.230000000000018,98,98,0.89,NO,2023-10-16
114,sandnessjoen,66.0217,12.6316,5.230000000000018,87,75,3.6,NO,2023-10-16
115,brezice,45.9033,15.5911,7.010000000000048,94,98,0.0,SI,2023-10-16
116,gadzhiyevo,69.2551,33.3362,3.230000000000018,82,100,13.48,RU,2023-10-16
117,toliara,-23.35,43.6667,23.650000000000034,70,100,6.21,MG,2023-10-16
118,san jose del guaviare,2.5729,-72.6459,29.129999999999995,70,76,1.15,CO,2023-10-16
119,iron mountain,45.8202,-88.066,12.900000000000034,56,0,5.14,US,2023-10-16
120,ramhormoz,31.28,49.6035,28.110000000000014,29,97,3.37,IR,2023-10-16
121,haiku-pauwela,20.9219,-156.3051,27.25,69,20,7.72,US,2023-10-16
122,colonia,50.9333,6.95,8.810000000000002,88,0,1.54,DE,2023-10-16
123,tralee,52.2704,-9.7026,8.800000000000011,87,100,4.79,IE,2023-10-16
124,carnarvon,-24.8667,113.6333,23.200000000000045,54,0,5.4,AU,2023-10-16
125,bethel,41.3712,-73.414,16.470000000000027,64,63,0.45,US,2023-10-16
126,quellon,-43.1167,-73.6167,10.450000000000045,66,4,5.48,CL,2023-10-16
127,tsiombe,-25.3,45.4833,21.660000000000025,75,100,1.29,MG,2023-10-16
128,sirte,31.2089,16.5887,23.189999999999998,63,0,3.76,LY,2023-10-16
129,mount gambier,-37.8333,140.7667,7.990000000000009,81,79,1.43,AU,2023-10-16
130,pokaran,26.9167,71.9167,26.879999999999995,45,37,3.59,IN,2023-10-16
131,waris aliganj,25.0167,85.6333,23.32000000000005,80,0,0.5,IN,2023-10-16
132,acarau,-2.8856,-40.12,26.25,77,5,7.65,BR,2023-10-16
133,ardestan,33.3761,52.3694,19.30000000000001,36,26,0.97,IR,2023-10-16
134,jiaojiang,28.6803,121.4428,16.110000000000014,80,0,1.91,CN,2023-10-16
135,sena madureira,-9.0656,-68.6569,33.610000000000014,42,51,1.07,BR,2023-10-16
136,polyarnyy,69.1989,33.4478,3.2100000000000364,85,100,13.01,RU,2023-10-16
137,thinadhoo,0.5333,72.9333,27.360000000000014,77,24,7.14,MV,2023-10-16
138,ust-nera,64.5667,143.2,-22.349999999999966,98,61,1.41,RU,2023-10-16
139,playa blanca,28.8643,-13.8281,25.110000000000014,72,94,1.2,ES,2023-10-16
140,anna regina,7.2644,-58.5077,28.970000000000027,70,100,3.23,GY,2023-10-16
141,yangambi,0.8102,24.4336,21.27000000000004,97,99,1.1,CD,2023-10-16
142,port alfred,-33.5906,26.891,16.77000000000004,90,87,1.34,ZA,2023-10-16
143,loukhi,66.0764,33.0381,3.0400000000000205,95,100,5.05,RU,2023-10-16
144,kudahuvadhoo,2.6708,72.8944,27.710000000000036,78,26,7.77,MV,2023-10-16
145,wailua homesteads,22.0669,-159.378,27.439999999999998,74,40,5.14,US,2023-10-16
146,senillosa,-39.0,-68.4167,21.879999999999995,18,5,3.73,AR,2023-10-16
147,fayroz koh,34.5195,65.2509,4.03000000000003,49,0,0.78,AF,2023-10-16
148,ancud,-41.8697,-73.8203,11.390000000000043,65,13,2.06,CL,2023-10-16
149,qaqortoq,60.7167,-46.0333,1.7100000000000364,97,100,1.57,GL,2023-10-16
150,hecun,36.5333,114.1111,14.890000000000043,59,0,1.25,CN,2023-10-16
151,alofi,-19.0595,-169.9187,22.939999999999998,83,75,6.17,NU,2023-10-16
152,talnakh,69.4865,88.3972,-0.4399999999999977,97,100,2.46,RU,2023-10-16
153,sao gabriel da cachoeira,-0.1303,-67.0892,25.960000000000036,90,100,1.36,BR,2023-10-16
154,harper,4.375,-7.7169,24.82000000000005,89,96,3.35,LR,2023-10-16
155,itaituba,-4.2761,-55.9836,37.09000000000003,47,20,1.99,BR,2023-10-16
156,christchurch,-43.5333,172.6333,9.390000000000043,88,100,5.14,NZ,2023-10-16
157,seredyna-buda,52.189,34.0364,3.910000000000025,87,57,5.88,UA,2023-10-16
158,twentynine palms,34.1356,-116.0542,34.960000000000036,10,0,0.45,US,2023-10-16
159,olonkinbyen,70.9221,-8.7187,0.7700000000000387,73,100,5.65,SJ,2023-10-16
160,mahibadhoo,3.7833,72.9667,28.02000000000004,77,28,7.13,MV,2023-10-16
161,pangai,-19.8,-174.35,25.060000000000002,73,20,6.17,TO,2023-10-16
162,chelm,51.1431,23.4716,7.830000000000041,58,100,5.38,PL,2023-10-16
163,karratha,-20.7377,116.8463,27.04000000000002,22,0,4.93,AU,2023-10-16
164,stanley,54.868,-1.6985,3.2100000000000364,93,0,0.0,GB,2023-10-16
165,muroto-misakicho,33.2833,134.15,20.129999999999995,62,0,2.06,JP,2023-10-16
166,myrina,39.8797,25.0742,14.580000000000041,67,75,6.69,GR,2023-10-16
167,dudinka,69.4058,86.1778,-0.17999999999994998,98,100,2.68,RU,2023-10-16
168,tatarsk,55.219,75.9828,7.2000000000000455,57,100,6.26,RU,2023-10-16
169,ola,59.5833,151.2833,2.8600000000000136,92,100,2.86,RU,2023-10-16
170,remire-montjoly,4.9167,-52.2667,29.02000000000004,70,16,4.63,GF,2023-10-16
171,golyshmanovo,56.3979,68.3728,8.700000000000045,93,55,3.55,RU,2023-10-16
172,vorgashor,67.5833,63.95,1.7100000000000364,98,100,3.95,RU,2023-10-16
173,east london,-33.0153,27.9116,17.090000000000032,83,70,5.62,ZA,2023-10-16
174,at taj,24.2049,23.2857,21.77000000000004,26,0,3.37,LY,2023-10-16
175,invercargill,-46.4,168.35,7.7900000000000205,91,50,1.79,NZ,2023-10-16
176,port mathurin,-19.6833,63.4167,23.890000000000043,86,1,4.0,MU,2023-10-16
177,aasiaat,68.7098,-52.8699,-9.649999999999977,98,100,2.99,GL,2023-10-16
178,saipan,15.1355,145.701,25.390000000000043,94,40,3.09,MP,2023-10-16
179,tazovsky,67.4667,78.7,-1.1399999999999864,96,99,0.25,RU,2023-10-16
180,nikolayevsk-on-amure,53.1406,140.73,7.720000000000027,90,100,3.09,RU,2023-10-16
181,calatayud,41.3535,-1.6432,18.30000000000001,59,100,2.5,ES,2023-10-16
182,kyren,51.6828,102.1408,2.75,97,75,0.89,RU,2023-10-16
183,bei'an,24.5399,109.533,18.340000000000032,62,33,1.49,CN,2023-10-16
184,kasongo-lunda,-6.4667,16.8167,22.129999999999995,95,100,0.78,CD,2023-10-16
185,camayenne,9.535,-13.6878,27.05000000000001,83,40,2.06,GN,2023-10-16
186,novyy urengoy,66.0833,76.6333,0.8000000000000114,88,100,3.08,RU,2023-10-16
187,guantanamo,20.1444,-75.2092,30.760000000000048,68,79,4.95,CU,2023-10-16
188,egersund,58.4513,5.9997,8.939999999999998,77,100,6.74,NO,2023-10-16
189,la'ie,21.6477,-157.9253,30.980000000000018,77,81,2.68,US,2023-10-16
190,dolores,-36.3132,-57.6792,18.640000000000043,69,90,3.66,AR,2023-10-16
191,isabela,6.7085,121.9711,25.80000000000001,84,29,0.41,PH,2023-10-16
192,zyryanovsk,49.7386,84.2719,2.0,80,43,1.37,KZ,2023-10-16
193,oranjemund,-28.55,16.4333,17.100000000000023,75,2,3.03,NA,2023-10-16
194,port saint john's,-31.6229,29.5448,17.900000000000034,83,100,5.67,ZA,2023-10-16
195,tual,-5.6667,132.75,26.629999999999995,82,28,4.93,ID,2023-10-16
196,keflavik,64.0049,-22.5624,5.240000000000009,81,75,2.57,IS,2023-10-16
197,portland,45.5234,-122.6762,19.49000000000001,91,75,4.12,US,2023-10-16
198,hwange,-18.3693,26.5019,23.74000000000001,76,91,2.81,ZW,2023-10-16
199,kenai,60.5544,-151.2583,8.410000000000025,71,40,9.26,US,2023-10-16
200,freetown,8.484,-13.2299,25.470000000000027,84,17,1.78,SL,2023-10-16
201,nabire,-3.3667,135.4833,23.710000000000036,94,99,1.79,ID,2023-10-16
202,ar ruways,24.1103,52.7306,28.840000000000032,64,0,2.8,AE,2023-10-16
203,da nang,16.0678,108.2208,24.99000000000001,94,75,5.66,VN,2023-10-16
204,umba,66.6871,34.3429,3.5500000000000114,65,100,5.36,RU,2023-10-16
205,enewetak,11.3474,162.3373,28.720000000000027,77,12,6.95,MH,2023-10-16
206,aras-asan,8.8908,126.3033,24.980000000000018,87,82,2.03,PH,2023-10-16
207,usogorsk,63.4106,48.6872,3.150000000000034,87,100,2.18,RU,2023-10-16
208,ulladulla,-35.35,150.4667,12.82000000000005,68,88,8.21,AU,2023-10-16
209,buka,40.8108,69.1986,10.870000000000005,38,81,1.42,UZ,2023-10-16
210,san luis de la loma,17.2706,-100.8939,29.24000000000001,81,88,2.16,MX,2023-10-16
211,saint-pierre,-21.3393,55.4781,23.82000000000005,78,100,1.54,RE,2023-10-16
212,yaren,-0.5472,166.916,28.310000000000002,75,100,6.08,NR,2023-10-16
213,praia da vitoria,38.7333,-27.0667,20.420000000000016,83,20,7.18,PT,2023-10-16
214,yanykurgan,43.915,67.2481,11.460000000000036,34,0,4.28,KZ,2023-10-16
215,filey,54.21,-0.2892,7.100000000000023,87,88,1.75,GB,2023-10-16
216,la passe,45.5549,-0.8967,14.129999999999995,55,100,5.39,FR,2023-10-16
217,viedma,-40.8135,-62.9967,12.800000000000011,45,0,6.63,AR,2023-10-16
218,chepelare,41.7333,24.6833,4.660000000000025,52,82,1.46,BG,2023-10-16
219,road town,18.4167,-64.6167,31.05000000000001,70,40,3.09,VG,2023-10-16
220,toungo,8.1167,12.05,22.400000000000034,91,38,1.03,NG,2023-10-16
221,whangarei,-35.7317,174.3239,19.25,64,23,3.88,NZ,2023-10-16
222,clearwater,27.9659,-82.8001,21.950000000000045,61,40,9.83,US,2023-10-16
223,ankazoabo,-22.2833,44.5167,23.05000000000001,61,100,4.47,MG,2023-10-16
224,south sioux city,42.4739,-96.4136,17.150000000000034,42,0,2.57,US,2023-10-16
225,lindi,-10.0,39.7167,24.720000000000027,93,41,2.31,TZ,2023-10-16
226,salinopolis,-0.6136,-47.3561,27.5,79,19,5.78,BR,2023-10-16
227,urcos,-13.6861,-71.6228,22.939999999999998,45,72,3.49,PE,2023-10-16
228,priargunsk,50.3691,119.1012,1.7300000000000182,43,44,1.09,RU,2023-10-16
229,yuzhno-kurilsk,44.0306,145.8556,10.760000000000048,75,38,5.5,RU,2023-10-16
230,castillos,-34.1667,-53.8333,18.850000000000023,88,99,1.09,UY,2023-10-16
231,barcelos,41.5388,-8.6151,23.08000000000004,76,100,6.01,PT,2023-10-16
232,tadmur,34.5608,38.2805,18.950000000000045,71,0,6.06,SY,2023-10-16
233,codrington,-38.2667,141.9667,8.07000000000005,77,0,1.77,AU,2023-10-16
234,bubaque,11.2833,-15.8333,27.75,83,0,5.58,GW,2023-10-16
235,fale old settlement,-9.3852,-171.2468,28.560000000000002,77,87,9.92,TK,2023-10-16
236,pathein,16.7833,94.7333,24.210000000000036,94,29,0.68,MM,2023-10-16
237,nuuk,64.1835,-51.7216,-2.659999999999968,68,20,7.2,GL,2023-10-16
238,bayganin,48.6947,55.8742,9.010000000000048,61,0,6.05,KZ,2023-10-16
239,dryden,49.7833,-92.7503,13.160000000000025,47,0,1.03,CA,2023-10-16
240,linares,-35.85,-71.6,18.27000000000004,51,0,3.78,CL,2023-10-16
241,san andres del rabanedo,42.6117,-5.6167,15.990000000000009,97,75,2.06,ES,2023-10-16
242,kavieng,-2.5744,150.7967,27.28000000000003,74,74,2.19,PG,2023-10-16
243,taroa,8.7058,171.2275,28.230000000000018,74,100,5.77,MH,2023-10-16
244,visby,57.6409,18.296,8.120000000000005,57,10,8.23,SE,2023-10-16
245,bikin,46.8161,134.26,-1.1599999999999682,76,16,1.29,RU,2023-10-16
246,newport,51.5877,-2.9984,10.300000000000011,79,100,6.62,GB,2023-10-16
247,rawson,-43.3002,-65.1023,13.050000000000011,43,2,4.9,AR,2023-10-16
248,okhotsk,59.3833,143.3,-5.489999999999952,70,47,9.53,RU,2023-10-16
249,quiberon,47.4841,-3.1196,15.110000000000014,60,100,3.13,FR,2023-10-16
250,lucapa,-8.4192,20.7447,21.410000000000025,82,91,1.95,AO,2023-10-16
251,puerto gaitan,4.3133,-72.0816,31.100000000000023,55,33,1.31,CO,2023-10-16
252,ujae,8.9322,165.7642,28.27000000000004,77,41,6.47,MH,2023-10-16
253,shiyan,32.6475,110.7781,17.25,78,59,0.42,CN,2023-10-16
254,peniche,39.3558,-9.3811,22.939999999999998,86,100,12.27,PT,2023-10-16
255,achinsk,56.2694,90.4993,3.920000000000016,95,100,7.84,RU,2023-10-16
256,akureyri,65.6835,-18.0878,2.9600000000000364,87,100,2.57,IS,2023-10-16
257,guerrero negro,27.9769,-114.0611,27.170000000000016,48,20,5.84,MX,2023-10-16
258,el calafate,-50.3408,-72.2768,8.930000000000007,57,97,4.59,AR,2023-10-16
259,jiagedaqi,50.4167,124.1167,-0.2999999999999545,48,89,1.21,CN,2023-10-16
260,san miguel de salcedo,-1.0333,-78.5667,18.32000000000005,64,40,7.72,EC,2023-10-16
261,laguna,38.421,-121.4238,29.189999999999998,39,0,1.54,US,2023-10-16
262,tobelo,1.7284,128.0095,26.600000000000023,82,92,1.38,ID,2023-10-16
263,nago,26.5881,127.9761,22.24000000000001,64,6,3.99,JP,2023-10-16
264,lorengau,-2.0226,147.2712,27.75,76,100,1.62,PG,2023-10-16
265,puerto varas,-41.3195,-72.9854,13.120000000000005,58,20,6.69,CL,2023-10-16
266,whistler,50.1164,-122.9695,10.310000000000002,100,100,0.0,CA,2023-10-16
267,kikwit,-5.041,18.8162,22.83000000000004,88,99,0.38,CD,2023-10-16
268,morehead city,34.7229,-76.726,19.03000000000003,55,0,3.6,US,2023-10-16
269,island harbour,50.724,-1.2758,11.670000000000016,79,100,2.68,GB,2023-10-16
270,kerikeri,-35.2268,173.9474,18.28000000000003,90,22,4.59,NZ,2023-10-16
271,"laikit, laikit ii (dimembe)",1.4792,124.9735,21.82000000000005,90,79,1.41,ID,2023-10-16
272,moose jaw,50.4001,-105.5344,21.150000000000034,23,75,2.57,CA,2023-10-16
273,levuka,50.1834,-105.4011,20.850000000000023,26,75,2.57,CA,2023-10-16
274,karakol,42.4907,78.3936,5.7000000000000455,35,4,1.87,KG,2023-10-16
275,masina,-4.3836,15.3914,28.189999999999998,74,20,4.12,CD,2023-10-16
276,sao miguel do tapuio,-5.5036,-41.3233,32.80000000000001,28,47,1.61,BR,2023-10-16
277,prado,-17.3411,-39.2208,23.980000000000018,78,0,3.01,BR,2023-10-16
278,tai'an,36.1853,117.12,13.920000000000016,78,0,1.79,CN,2023-10-16
279,saint-philippe,-21.3585,55.7679,23.77000000000004,87,94,1.86,RE,2023-10-16
280,susuman,62.7833,148.1667,-20.869999999999976,91,4,0.46,RU,2023-10-16
281,mont-laurier,46.5501,-75.4993,10.79000000000002,76,100,2.38,CA,2023-10-16
282,flying fish cove,-10.4217,105.6791,25.82000000000005,88,75,4.63,CX,2023-10-16
283,kish,26.5578,54.0194,29.150000000000034,74,0,2.06,IR,2023-10-16
284,abepura,-2.6333,140.5833,23.450000000000045,83,20,1.03,ID,2023-10-16
285,sal rei,16.1833,-22.9167,27.870000000000005,78,0,5.09,CV,2023-10-16
286,kalmunai,7.4167,81.8167,25.55000000000001,85,78,2.28,LK,2023-10-16
287,sisimiut,66.9395,-53.6735,-6.849999999999966,89,95,5.1,GL,2023-10-16
288,leona vicario,20.9667,-87.1917,28.879999999999995,53,100,2.64,MX,2023-10-16
289,garachico,28.7781,-17.7646,25.27000000000004,78,0,1.54,ES,2023-10-16
290,cambita garabitos,18.4533,-70.1978,33.05000000000001,62,23,3.54,DO,2023-10-16
291,inhambane,-23.865,35.3833,21.010000000000048,86,100,2.96,MZ,2023-10-16
292,callao,-12.0667,-77.15,21.160000000000025,73,75,5.14,PE,2023-10-16
293,pacific grove,36.6177,-121.9166,27.439999999999998,68,0,2.68,US,2023-10-16
294,lundazi,-12.2929,33.1782,25.220000000000027,45,79,3.23,ZM,2023-10-16
295,cidreira,-30.1811,-50.2056,19.350000000000023,98,100,6.88,BR,2023-10-16
296,hassi messaoud,31.6804,6.0729,26.920000000000016,17,20,3.6,DZ,2023-10-16
297,bangassou,4.7413,22.8184,20.850000000000023,91,100,1.31,CF,2023-10-16
298,luanda,-8.8368,13.2343,25.0,83,75,4.63,AO,2023-10-16
299,korsakov,46.6328,142.7813,5.210000000000036,67,11,4.47,RU,2023-10-16
300,marang,5.2056,103.2059,25.950000000000045,87,100,1.68,MY,2023-10-16
301,kalemie,-5.9475,29.1947,22.960000000000036,76,68,3.31,CD,2023-10-16
302,mejit,10.2753,170.8646,27.970000000000027,76,14,7.39,MH,2023-10-16
303,port hedland,-20.3167,118.5667,23.03000000000003,13,0,3.6,AU,2023-10-16
304,pisco,-13.7,-76.2167,20.03000000000003,83,40,4.12,PE,2023-10-16
305,weno,7.4515,151.8468,28.120000000000005,76,18,2.84,FM,2023-10-16
306,north bend,43.4065,-124.2243,19.950000000000045,88,100,4.63,US,2023-10-16
307,nova xavantina,-14.6667,-52.35,37.629999999999995,20,49,2.29,BR,2023-10-16
308,la jolla,32.8473,-117.2742,34.08000000000004,70,0,6.69,US,2023-10-16
309,bowen,-20.0167,148.2333,21.75,72,3,1.16,AU,2023-10-16
310,lihue,21.9789,-159.3672,27.77000000000004,73,40,5.14,US,2023-10-16
311,zirc,47.2636,17.8737,1.3900000000000432,60,6,0.72,HU,2023-10-16
312,marsa alam,25.0757,34.8918,25.55000000000001,51,0,5.13,EG,2023-10-16
313,egilsstadir,65.2653,-14.3948,2.9500000000000455,93,75,3.09,IS,2023-10-16
314,varberg,57.1056,12.2508,8.920000000000016,73,22,5.78,SE,2023-10-16
315,slave lake,55.2834,-114.769,15.990000000000009,44,40,5.14,CA,2023-10-16
316,chunskiy,56.0815,99.6342,4.82000000000005,88,100,3.88,RU,2023-10-16
317,vilyuysk,63.7553,121.6247,-2.1200000000000045,52,100,5.36,RU,2023-10-16
318,kebili,33.7044,8.969,24.450000000000045,24,0,2.07,TN,2023-10-16
319,joshimath,30.5667,79.5667,9.900000000000034,76,99,2.63,IN,2023-10-16
320,happy valley-goose bay,53.3168,-60.3315,5.170000000000016,60,75,4.12,CA,2023-10-16
321,patiala,30.3267,76.4003,18.150000000000034,76,100,4.02,IN,2023-10-16
322,edd,13.9297,41.6925,30.350000000000023,65,0,4.26,ER,2023-10-16
323,alta,69.9689,23.2717,2.590000000000032,80,20,3.09,NO,2023-10-16
324,smithers,54.7804,-127.1743,8.180000000000007,100,100,1.54,CA,2023-10-16
325,mios,44.6049,-0.9333,17.210000000000036,77,0,2.06,FR,2023-10-16
326,klyavlino,54.2649,52.0267,10.850000000000023,45,11,7.67,RU,2023-10-16
327,pangody,65.85,74.4859,0.8300000000000409,94,100,3.6,RU,2023-10-16
328,vadso,70.0744,29.7487,3.490000000000009,86,40,7.2,NO,2023-10-16
329,shreveport,32.5251,-93.7502,20.160000000000025,42,0,6.69,US,2023-10-16
330,estrela,-28.0611,-50.9383,17.210000000000036,99,100,3.42,BR,2023-10-16
331,tharangambadi,11.0319,79.8528,26.33000000000004,83,99,1.33,IN,2023-10-16
332,portsmouth heights,36.821,-76.3688,18.03000000000003,54,40,8.23,US,2023-10-16
333,kuala tungkal,-0.8167,103.4667,25.560000000000002,88,55,3.29,ID,2023-10-16
334,wynyard,-41.0,145.7167,7.100000000000023,63,0,1.39,AU,2023-10-16
335,aykhal,66.0,111.5,-3.849999999999966,94,100,4.92,RU,2023-10-16
336,usinsk,65.9939,57.5281,2.2600000000000477,99,100,7.15,RU,2023-10-16
337,san clemente del tuyu,-36.3569,-56.7235,16.660000000000025,83,69,4.83,AR,2023-10-16
338,bedford,52.1346,-0.4663,10.129999999999995,86,100,4.1,GB,2023-10-16
339,korla,41.7597,86.1469,11.640000000000043,43,1,5.15,CN,2023-10-16
340,nevada,39.2502,-116.7512,20.060000000000002,18,6,3.24,US,2023-10-16
341,ballina,-28.8667,153.5667,17.100000000000023,54,45,7.96,AU,2023-10-16
342,baise city,23.8997,106.6133,19.28000000000003,82,16,0.47,CN,2023-10-16
343,saint-francois,46.4154,3.9054,9.689999999999998,77,0,0.0,FR,2023-10-16
344,back mountain,41.3359,-75.9963,12.960000000000036,90,83,3.02,US,2023-10-16
345,tvarditsa,42.7,25.9,5.710000000000036,55,96,0.6,BG,2023-10-16
346,puerto santa,-8.9906,-78.6456,21.010000000000048,81,98,4.35,PE,2023-10-16
347,swakopmund,-22.6833,14.5333,14.470000000000027,87,6,0.89,NA,2023-10-16
348,termoli,41.9888,14.9895,17.100000000000023,68,100,2.02,IT,2023-10-16
349,eastham,41.8301,-69.9739,14.410000000000025,67,61,1.79,US,2023-10-16
350,panaba,21.2833,-88.2667,26.310000000000002,66,82,6.63,MX,2023-10-16
351,maceio,-9.6658,-35.7353,23.689999999999998,94,75,3.09,BR,2023-10-16
352,sury-le-comtal,45.5333,4.1667,11.080000000000041,71,0,5.14,FR,2023-10-16
353,astorga,-23.2325,-51.6656,35.129999999999995,39,65,5.12,BR,2023-10-16
354,manokwari,-0.8667,134.0833,25.650000000000034,77,76,1.73,ID,2023-10-16
355,vilyuchinsk,52.9306,158.4028,8.150000000000034,93,100,9.84,RU,2023-10-16
356,gadani,25.1185,66.7299,27.120000000000005,78,4,6.74,PK,2023-10-16
357,eirunepe,-6.6603,-69.8736,29.879999999999995,62,83,0.57,BR,2023-10-16
358,brighton beach,-29.9396,31.0009,18.090000000000032,88,100,9.33,ZA,2023-10-16
359,zhanaozen,43.3,52.8,14.240000000000009,22,100,7.23,KZ,2023-10-16
360,nizhneudinsk,54.9076,99.0276,3.900000000000034,96,100,2.68,RU,2023-10-16
361,basni,27.1667,73.65,23.120000000000005,59,27,2.73,IN,2023-10-16
362,champerico,14.3,-91.9167,33.30000000000001,80,99,1.7,GT,2023-10-16
363,ilebo,-4.3167,20.5833,24.08000000000004,86,96,0.47,CD,2023-10-16
364,st. john's,47.5649,-52.7093,9.660000000000025,97,100,11.83,CA,2023-10-16
365,kingston,17.997,-76.7936,31.53000000000003,74,20,4.63,JM,2023-10-16
366,santa cruz,-17.8,-63.1667,35.700000000000045,38,20,9.26,BO,2023-10-16
367,piti village,13.4626,144.6933,27.49000000000001,90,0,2.57,GU,2023-10-16
368,pandan,14.0453,124.1694,26.02000000000004,87,98,1.48,PH,2023-10-16
369,palmeiras de goias,-16.805,-49.9258,32.210000000000036,28,29,1.53,BR,2023-10-16
370,gamba,-2.65,10.0,25.230000000000018,82,96,2.59,GA,2023-10-16
371,sangkhla buri,15.1555,98.4536,21.25,96,90,0.68,TH,2023-10-16
372,namibe,-15.1961,12.1522,17.75,84,38,1.8,AO,2023-10-16
373,pucheng,27.9233,118.5333,13.310000000000002,86,0,0.51,CN,2023-10-16
374,nusaybin,37.0778,41.2178,20.890000000000043,49,66,2.71,TR,2023-10-16
375,bad salzuflen,52.0862,8.7443,6.980000000000018,92,100,0.86,DE,2023-10-16
376,termas de rio hondo,-27.4998,-64.8604,32.75,21,4,7.83,AR,2023-10-16
377,vryburg,-26.9566,24.7284,18.04000000000002,37,0,2.68,ZA,2023-10-16
378,dock junction,31.2025,-81.5168,21.0,62,100,4.12,US,2023-10-16
379,ifrane,33.3333,-5.25,14.610000000000014,53,100,1.93,MA,2023-10-16
380,den burg,53.0542,4.7972,11.090000000000032,78,100,2.57,NL,2023-10-16
381,kuala belait,4.5833,114.1833,24.090000000000032,87,100,3.65,BN,2023-10-16
382,grand baie,-20.0182,57.5802,22.470000000000027,77,64,1.89,MU,2023-10-16
383,walvis bay,-22.9575,14.5053,14.53000000000003,88,11,2.06,NA,2023-10-16
384,belyy yar,53.6039,91.3903,3.9399999999999977,75,0,6.0,RU,2023-10-16
385,kurayoshi,35.4333,133.8167,14.590000000000032,85,9,1.05,JP,2023-10-16
386,hasaki,35.7333,140.8333,14.220000000000027,71,0,3.77,JP,2023-10-16
387,constantia,44.1833,28.65,7.610000000000014,56,12,3.61,RO,2023-10-16
388,howrah,22.5892,88.3103,27.0,83,20,0.0,IN,2023-10-16
389,mournies,35.4764,24.0092,22.129999999999995,83,20,0.0,GR,2023-10-16
390,inarajan village,13.2736,144.7484,27.54000000000002,93,100,3.26,GU,2023-10-16
391,puerto baquerizo moreno,-0.9,-89.6,28.55000000000001,61,40,4.63,EC,2023-10-16
392,narara,-33.4,151.35,14.340000000000032,57,97,5.8,AU,2023-10-16
393,tongchuanshi,35.0806,109.0897,15.25,59,74,1.96,CN,2023-10-16
394,hauterive,46.0901,3.4459,10.420000000000016,73,45,1.81,FR,2023-10-16
395,ubari,26.5921,12.7805,23.730000000000018,19,0,3.1,LY,2023-10-16
396,nova sintra,14.8667,-24.7167,25.710000000000036,73,37,3.17,CV,2023-10-16
397,tottori,35.5,134.2333,15.770000000000039,87,71,1.17,JP,2023-10-16
398,anori,-3.7728,-61.6442,27.310000000000002,71,100,0.94,BR,2023-10-16
399,barguzin,53.6167,109.6167,4.210000000000036,99,99,3.58,RU,2023-10-16
400,yatou,37.15,122.3833,11.78000000000003,59,0,2.4,CN,2023-10-16
401,crane,31.3974,-102.3501,22.850000000000023,26,0,2.17,US,2023-10-16
402,tolanaro,-25.0319,46.9987,23.04000000000002,83,75,3.09,MG,2023-10-16
403,midvagur,62.0511,-7.1939,9.460000000000036,93,75,9.26,FO,2023-10-16
404,kidal,18.4411,1.4078,32.370000000000005,13,93,2.6,ML,2023-10-16
405,yanqul,23.5905,56.5501,26.810000000000002,29,0,1.41,OM,2023-10-16
406,alice springs,-23.7,133.8833,10.75,54,0,3.09,AU,2023-10-16
407,gebeit,21.0667,36.3167,24.060000000000002,50,0,2.18,SD,2023-10-16
408,sao vicente,-23.9631,-46.3919,36.10000000000002,56,75,2.06,BR,2023-10-16
409,nakamura,32.9833,132.9333,14.54000000000002,86,2,2.09,JP,2023-10-16
410,woolgoolga,-30.1106,153.2007,16.689999999999998,53,0,8.17,AU,2023-10-16
411,tomatlan,19.9333,-105.25,32.09000000000003,59,98,2.39,MX,2023-10-16
412,az zuwaytinah,30.9522,20.1202,22.939999999999998,73,0,3.29,LY,2023-10-16
413,badiyah,22.45,58.8,23.79000000000002,80,0,1.01,OM,2023-10-16
414,vorkuta,67.5,64.0,1.8900000000000432,98,100,4.03,RU,2023-10-16
415,homer,59.6425,-151.5483,8.939999999999998,81,100,5.66,US,2023-10-16
416,ouesso,1.6136,16.0517,22.100000000000023,98,87,0.91,CG,2023-10-16
417,mugia,43.1041,-9.2179,21.060000000000002,73,96,12.66,ES,2023-10-16
418,saldanha,-33.0117,17.9442,19.03000000000003,78,3,3.23,ZA,2023-10-16
419,khandyga,62.6667,135.6,-15.799999999999955,72,48,2.09,RU,2023-10-16
420,taltal,-25.4,-70.4833,18.33000000000004,68,26,2.44,CL,2023-10-16
421,west plains,36.7281,-91.8524,17.460000000000036,54,75,5.66,US,2023-10-16
422,choyr,46.3611,108.3611,3.75,53,100,6.65,MN,2023-10-16
423,nagqu,31.5,92.0,-0.7199999999999704,45,100,0.99,CN,2023-10-16
424,mandalgovi,45.7625,106.2708,3.080000000000041,42,100,6.37,MN,2023-10-16
425,guaruja,-23.9931,-46.2564,25.5,26,75,2.06,BR,2023-10-16
426,kargasok,59.0556,80.8572,4.980000000000018,78,100,4.47,RU,2023-10-16
427,ingeniero jacobacci,-41.3427,-69.5448,14.020000000000039,21,1,3.27,AR,2023-10-16
428,rosetta,31.4044,30.4164,23.32000000000005,64,0,4.02,EG,2023-10-16
429,serchhip,23.3,92.8333,15.230000000000018,85,0,1.12,IN,2023-10-16
430,benjamin constant,-4.3831,-70.0311,30.07000000000005,70,20,1.54,BR,2023-10-16
431,afaahiti,-17.75,-149.2833,27.930000000000007,82,78,4.87,PF,2023-10-16
432,betong,5.7743,101.0723,22.74000000000001,99,99,0.55,TH,2023-10-16
433,jaffa,32.0504,34.7522,21.090000000000032,88,0,2.57,IL,2023-10-16
434,lanxi,29.2195,119.477,14.760000000000048,85,0,1.77,CN,2023-10-16
435,san rafael del sur,11.8485,-86.4384,32.54000000000002,89,100,1.67,NI,2023-10-16
436,lerwick,60.1545,-1.1494,10.0,86,100,10.32,GB,2023-10-16
437,laojunmiao,39.8333,97.7333,3.6000000000000227,50,99,2.19,CN,2023-10-16
438,karaton,-6.3424,106.1045,24.33000000000004,86,97,0.6,ID,2023-10-16
439,ipatovo,45.7181,42.9036,11.53000000000003,83,91,10.75,RU,2023-10-16
440,balqash,46.8481,74.995,9.460000000000036,58,3,4.77,KZ,2023-10-16
441,napoleon,41.3923,-84.1252,14.430000000000007,58,89,3.93,US,2023-10-16
442,kharp,66.8014,65.8081,1.2900000000000205,100,100,1.17,RU,2023-10-16
443,khabarovsk,48.4808,135.0928,1.920000000000016,80,20,11.18,RU,2023-10-16
444,sinabang,2.4803,96.3801,26.08000000000004,82,100,5.16,ID,2023-10-16
445,nkhata bay,-11.6066,34.2907,27.28000000000003,62,76,2.81,MW,2023-10-16
446,carbonear,47.7332,-53.2148,9.910000000000025,95,100,12.02,CA,2023-10-16
447,majagual,8.5389,-74.6204,30.010000000000048,70,100,0.91,CO,2023-10-16
448,kabin buri,13.9511,101.7177,24.720000000000027,88,91,1.49,TH,2023-10-16
449,tofol,5.3248,163.0078,28.200000000000045,78,100,4.44,FM,2023-10-16
450,elliot lake,46.3834,-82.6331,12.180000000000007,47,0,3.45,CA,2023-10-16
451,tromso,69.6496,18.957,3.0100000000000477,75,20,4.12,NO,2023-10-16
452,san andres,12.5847,-81.7006,27.010000000000048,94,75,4.63,CO,2023-10-16
453,lata,40.1629,-8.3327,20.010000000000048,79,96,4.98,PT,2023-10-16
454,vila franca do campo,37.7167,-25.4333,20.49000000000001,99,97,6.2,PT,2023-10-16
455,huarmey,-10.0681,-78.1522,22.200000000000045,77,48,4.33,PE,2023-10-16
456,nyrany,49.7114,13.2119,5.550000000000011,84,20,0.45,CZ,2023-10-16
457,deqen,29.9618,90.7188,3.5200000000000387,55,88,1.58,CN,2023-10-16
458,kavaratti,10.5669,72.642,27.680000000000007,78,87,5.57,IN,2023-10-16
459,chonchi,-42.6128,-73.8092,12.560000000000002,56,6,2.27,CL,2023-10-16
460,glazov,58.1394,52.6584,9.370000000000005,68,38,5.33,RU,2023-10-16
461,ust'-ilimsk,58.0006,102.6619,1.3600000000000136,92,100,3.58,RU,2023-10-16
462,kyabe,9.4515,18.9449,22.49000000000001,90,100,1.85,TD,2023-10-16
463,dimako,4.3833,13.5667,20.24000000000001,98,83,0.21,CM,2023-10-16
464,paramonga,-10.6667,-77.8333,21.27000000000004,78,43,4.28,PE,2023-10-16
465,la junta,37.985,-103.5438,23.920000000000016,21,0,1.26,US,2023-10-16
466,kosonsoy,41.2561,71.5508,7.310000000000002,33,88,0.57,UZ,2023-10-16
467,tommot,58.9564,126.2925,-6.849999999999966,79,98,1.26,RU,2023-10-16
468,hotan,37.0997,79.9269,16.370000000000005,20,100,1.75,CN,2023-10-16
469,yanchep,-31.55,115.6833,25.07000000000005,39,0,1.2,AU,2023-10-16
470,mccook,40.2019,-100.6257,21.460000000000036,36,0,1.54,US,2023-10-16
471,makarov,48.6333,142.8,4.78000000000003,85,86,4.28,RU,2023-10-16
472,hirara,24.8,125.2833,24.150000000000034,64,75,4.63,JP,2023-10-16
473,neryungri,56.6709,124.6491,-9.870000000000005,85,100,1.62,RU,2023-10-16
474,dali,25.7,100.1833,11.470000000000027,83,0,1.31,CN,2023-10-16
475,yamada,39.4667,141.95,10.760000000000048,67,5,3.16,JP,2023-10-16
476,indramayu,-6.3264,108.32,26.310000000000002,72,70,3.74,ID,2023-10-16
477,salalah,17.0151,54.0924,27.05000000000001,78,40,1.54,OM,2023-10-16
478,magadan,59.5667,150.8,2.5200000000000387,66,100,1.34,RU,2023-10-16
479,itoman,26.1247,127.6694,24.010000000000048,60,61,3.6,JP,2023-10-16
480,grande prairie,55.1667,-118.8027,7.100000000000023,70,75,1.54,CA,2023-10-16
481,sakleshpur,12.9667,75.7833,19.629999999999995,97,100,0.77,IN,2023-10-16
482,sam roi yot,12.2708,99.872,24.879999999999995,91,100,2.46,TH,2023-10-16
483,cozumel,20.5083,-86.9458,30.53000000000003,69,99,4.02,MX,2023-10-16
484,kukawa,12.9234,13.5606,30.510000000000048,43,17,2.94,NG,2023-10-16
485,mount isa,-20.7333,139.5,21.870000000000005,26,5,7.72,AU,2023-10-16
486,ndioum,16.5129,-14.6471,35.27000000000004,12,0,4.0,SN,2023-10-16
487,puerto cabezas,14.0351,-83.3888,31.980000000000018,70,40,2.06,NI,2023-10-16
488,wuhai,39.6647,106.8122,13.360000000000014,37,88,2.36,CN,2023-10-16
489,daru,-9.0763,143.2092,25.170000000000016,87,74,4.62,PG,2023-10-16
490,sovetskaya gavan',48.9723,140.2878,1.170000000000016,92,90,6.46,RU,2023-10-16
491,grand falls-windsor,48.9332,-55.6649,6.390000000000043,93,100,3.13,CA,2023-10-16
492,pabellon de arteaga,22.15,-102.25,22.970000000000027,31,96,7.76,MX,2023-10-16
493,naduvattam,11.4833,76.5667,13.590000000000032,96,100,1.03,IN,2023-10-16
494,kovdor,67.5662,30.4758,0.5900000000000318,94,100,5.4,RU,2023-10-16
495,plastun,44.7561,136.2939,3.9399999999999977,63,6,4.47,RU,2023-10-16
496,humaita,-7.5061,-63.0208,26.82000000000005,75,82,0.97,BR,2023-10-16
497,codajas,-3.8367,-62.0569,30.54000000000002,53,70,1.86,BR,2023-10-16
498,turbat,26.0023,63.044,26.03000000000003,76,3,3.07,PK,2023-10-16
499,iringa,-7.7667,35.7,17.379999999999995,79,80,2.16,TZ,2023-10-16
500,leava,-14.3,-178.1667,26.53000000000003,83,23,10.35,WF,2023-10-16
501,ketchikan,55.3422,-131.6461,12.990000000000009,94,100,3.6,US,2023-10-16
502,sinan,34.8262,126.1086,15.060000000000002,60,0,8.51,KR,2023-10-16
503,nar'yan-mar,67.6713,53.087,3.9500000000000455,93,100,5.81,RU,2023-10-16
504,colchani,-20.3,-66.9333,19.29000000000002,20,28,3.14,BO,2023-10-16
505,punta de bombon,-17.1717,-71.7931,19.53000000000003,75,27,2.94,PE,2023-10-16
506,mikhaylovka,50.06,43.2379,14.32000000000005,69,100,8.29,RU,2023-10-16
507,redencao,-4.2258,-38.7306,25.920000000000016,67,51,2.95,BR,2023-10-16
508,mount pearl,47.5166,-52.7813,9.189999999999998,97,100,11.83,CA,2023-10-16
509,saynshand,44.8824,110.1163,8.670000000000016,40,99,6.13,MN,2023-10-16
510,kaa-khem,51.6833,94.7333,3.5600000000000023,63,85,1.38,RU,2023-10-16
511,arkhangel'sk,64.5401,40.5433,3.9600000000000364,78,90,4.7,RU,2023-10-16
512,unecha,52.8459,32.6739,5.360000000000014,76,46,5.85,RU,2023-10-16
513,fort mcmurray,56.7268,-111.381,17.77000000000004,45,0,4.63,CA,2023-10-16
514,sainyabuli,19.25,101.75,19.420000000000016,99,88,0.69,LA,2023-10-16
515,jayapura,-2.5333,140.7,23.660000000000025,91,81,2.13,ID,2023-10-16
516,sebring,27.4956,-81.4409,22.04000000000002,57,100,7.2,US,2023-10-16
517,alibag,18.6411,72.8792,31.04000000000002,81,35,1.56,IN,2023-10-16
518,badger,64.8,-147.5333,7.670000000000016,73,75,3.09,US,2023-10-16
519,altagracia de orituco,9.8601,-66.3814,28.640000000000043,66,95,1.99,VE,2023-10-16
520,kumcati,37.4657,42.2836,19.28000000000003,60,29,1.76,TR,2023-10-16
521,tadine,-21.55,167.8833,23.670000000000016,75,51,7.12,NC,2023-10-16
522,prineville,44.2999,-120.8345,20.060000000000002,56,75,5.66,US,2023-10-16
523,emerald,-23.5333,148.1667,24.08000000000004,26,1,8.29,AU,2023-10-16
524,hadibu,12.65,54.0333,27.30000000000001,77,26,2.85,YE,2023-10-16
525,colon,9.3592,-79.9014,28.410000000000025,82,100,1.13,PA,2023-10-16
526,iron river,46.0927,-88.6423,7.420000000000016,49,0,3.03,US,2023-10-16
527,nieuw amsterdam,5.8833,-55.0833,32.30000000000001,68,20,5.14,SR,2023-10-16
528,ambodifotatra,-16.9833,49.85,24.82000000000005,85,100,4.84,MG,2023-10-16
529,papao,-17.75,-149.55,28.82000000000005,82,90,5.88,PF,2023-10-16
530,qulsary,46.9531,54.0198,10.04000000000002,66,2,7.34,KZ,2023-10-16
531,santa vitoria do palmar,-33.5189,-53.3681,20.32000000000005,86,87,2.01,BR,2023-10-16
532,bardai,11.65,7.2333,25.610000000000014,36,99,2.09,NG,2023-10-16
533,kamaishi,39.2667,141.8833,12.510000000000048,61,5,5.15,JP,2023-10-16
534,ratnagiri,16.9833,73.3,26.58000000000004,81,59,1.92,IN,2023-10-16
535,sungai penuh,-2.0833,101.3833,17.120000000000005,86,69,1.36,ID,2023-10-16
536,paracatu,-17.2222,-46.8747,30.460000000000036,29,2,2.0,BR,2023-10-16
537,bawali,22.4192,88.1961,26.980000000000018,72,2,0.89,IN,2023-10-16
538,lompoc,34.6391,-120.4579,32.23000000000002,71,20,7.15,US,2023-10-16
539,london,51.5085,-0.1257,10.860000000000014,88,20,3.09,GB,2023-10-16
540,kabinda,-6.1333,24.4833,23.560000000000002,73,96,1.32,CD,2023-10-16
541,lora del rio,37.659,-5.5275,23.660000000000025,75,100,1.96,ES,2023-10-16
542,giyani,-23.3025,30.7187,17.900000000000034,90,99,1.02,ZA,2023-10-16
543,jaynagar,26.5833,86.15,22.180000000000007,82,22,1.46,IN,2023-10-16
544,chizhou,30.6578,117.4831,16.150000000000034,76,0,1.63,CN,2023-10-16
545,kill devil hills,36.0307,-75.676,18.879999999999995,52,40,2.57,US,2023-10-16
546,antsiranana,-12.2787,49.2917,23.170000000000016,86,9,3.5,MG,2023-10-16
547,kuusamo,65.9667,29.1833,1.0200000000000387,93,100,6.69,FI,2023-10-16
548,kutum,14.2,24.6667,25.960000000000036,22,100,5.84,SD,2023-10-16
549,omutinskiy,56.4745,67.6709,8.950000000000045,93,52,3.6,RU,2023-10-16
550,roma,43.2128,-75.4557,14.970000000000027,68,100,4.63,US,2023-10-16
551,luziania,-16.2525,-47.9503,29.83000000000004,26,13,3.43,BR,2023-10-16
552,labytnangi,66.6572,66.4183,1.1100000000000136,98,100,2.16,RU,2023-10-16
553,san ignacio,17.1561,-89.0714,27.08000000000004,83,75,2.06,BZ,2023-10-16
554,borogontsy,62.6683,131.1683,-5.399999999999977,62,97,0.45,RU,2023-10-16
555,chudovo,59.1167,31.6833,4.010000000000048,85,16,3.42,RU,2023-10-16
556,farasan,16.7022,42.1183,31.379999999999995,62,1,1.02,SA,2023-10-16
557,ribeira brava,32.65,-17.0667,26.110000000000014,72,26,5.86,PT,2023-10-16
558,nakhchivan,39.2089,45.4122,12.82000000000005,76,100,2.06,AZ,2023-10-16
559,vila velha,-20.3297,-40.2925,25.970000000000027,88,40,5.66,BR,2023-10-16
560,puerto armuelles,8.2833,-82.8667,27.99000000000001,78,97,3.13,PA,2023-10-16
561,matoury,4.8483,-52.3317,28.980000000000018,70,17,4.63,GF,2023-10-16
